Workbook

Sheet Summary
A1: KLIP v1: plan summary
A2: Edit the blue cells on yellow. Everything else recalculates.
A4: Inputs
A5: Start date | B5: 46307 | C5: Assumption: the Monday after this plan was made
A6: Live deadline | B6: 46325 | C6: Set by you: 30 Oct 2026
A7: Local-working milestone | B7: 46317 | C7: Assumption: register, login and entries API work end to end
A8: Hours per week available | B8: 14 | C8: Assumption: about 2h every day, no days off. Replace with your real number
A10: Summary
A11: Estimate, low (h) | B11: =SUM(Tasks!F5:F16) -> 31.5
A12: Estimate, mid (h) | B12: =SUM(Tasks!H5:H16) -> 33.5 | C12: Average of low and high per task
A13: Estimate, high (h) | B13: =SUM(Tasks!G5:G16) -> 35.5
A14: Actual hours logged | B14: =SUM(Tasks!J5:J16) -> 0
A15: Hours remaining (not Done) | B15: =SUMIFS(Tasks!H5:H16,Tasks!I5:I16,"<>Done") -> 31 | C15: Mid estimate of tasks not marked Done
A16: Days left to deadline | B16: =MAX(B6-TODAY(),0) -> 18 | C16: Counts from today's date
A17: Hours/week needed to hit deadline | B17: =B15/(MAX(B6-MAX(B5,TODAY()),1)/7) -> 12.055556 | C17: Compare with your hours per week above
A18: Projected finish at your pace | B18: =MAX(B5,TODAY())+ROUNDUP(B15*7/B8,0) -> 46323
A19: Verdict | B19: =IF(B18<=B6,"On track","Behind: add hours or cut scope") -> On track
A20: Tasks done | B20: =COUNTIF(Tasks!I5:I16,"Done")&" of "&COUNTA(Tasks!C5:C16) -> 2 of 12
A22: Notes and assumptions
A23: Colour key: blue text = input you edit; black = formula.
A24: On Tasks, set Status from the dropdown (e.g. Done) and log Actual hours (e.g. 2.5).
A25: Task estimates are mine: the rows sum to 31.5-35.5 h; the 30-40 h headline allowed for slack.
A26: Not included: product photos (+1-2 days), phone OTP verification (+1-2 days), password reset, notifications.
A27: Planned finish runs tasks in order at your weekly hours and ignores college deadlines or days off.

Sheet Tasks
A1: KLIP v1: task plan
A2: Estimates are mine (low/high hours per task). Edit blue cells: Status and Actual hrs. Planned finish assumes tasks run in order at the hours/week set on the Summary sheet.
A4: # | B4: Phase | C4: Task | D4: Who writes it | E4: Milestone | F4: Low (h) | G4: High (h) | H4: Est. (h) | I4: Status | J4: Actual (h) | K4: Cumulative (h) | L4: Planned finish | M4: Flag | N4: Notes
A5: 1 | B5: Backend | C5: Test auth (5 cases), fix bugs, write phone.js, startup env check | D5: You | E5: Local | F5: 2 | G5: 2 | H5: =AVERAGE(F5,G5) -> 2 | I5: Done | K5: =SUM($H$5:H5) -> 2 | L5: =Summary!$B$5+ROUNDUP(K5*7/Summary!$B$8,0) -> 46308 | M5: =IF(I5="Done","Done",IF(L5<=IF(E5="Local",Summary!$B$7,Summary!$B$6),"On track","Behind")) -> Done | N5: Register, duplicate, login ok/wrong/unknown phone; one shared phone format
A6: 2 | B6: Backend | C6: requireAuth middleware | D6: You | E6: Local | F6: 0.5 | G6: 0.5 | H6: =AVERAGE(F6,G6) -> 0.5 | I6: Done | K6: =SUM($H$5:H6) -> 2.5 | L6: =Summary!$B$5+ROUNDUP(K6*7/Summary!$B$8,0) -> 46309 | M6: =IF(I6="Done","Done",IF(L6<=IF(E6="Local",Summary!$B$7,Summary!$B$6),"On track","Behind")) -> Done | N6: Bearer token, id from token only
A7: 3 | B7: Backend | C7: Entry endpoints: create, list, confirm/dispute, settle | D7: You | E7: Local | F7: 5 | G7: 7 | H7: =AVERAGE(F7,G7) -> 6 | I7: Not started | K7: =SUM($H$5:H7) -> 8.5 | L7: =Summary!$B$5+ROUNDUP(K7*7/Summary!$B$8,0) -> 46312 | M7: =IF(I7="Done","Done",IF(L7<=IF(E7="Local",Summary!$B$7,Summary!$B$6),"On track","Behind")) -> On track | N7: Each change + entry_events row in one transaction; ownership in the WHERE clause
A8: 4 | B8: Backend | C8: Error handler and validation cleanup | D8: Both | E8: Local | F8: 1 | G8: 1 | H8: =AVERAGE(F8,G8) -> 1 | I8: Not started | K8: =SUM($H$5:H8) -> 9.5 | L8: =Summary!$B$5+ROUNDUP(K8*7/Summary!$B$8,0) -> 46312 | M8: =IF(I8="Done","Done",IF(L8<=IF(E8="Local",Summary!$B$7,Summary!$B$6),"On track","Behind")) -> On track
A9: 5 | B9: Frontend | C9: Vite + React scaffold, routing, API client, auth state | D9: Claude | E9: Live | F9: 3 | G9: 3 | H9: =AVERAGE(F9,G9) -> 3 | I9: Not started | K9: =SUM($H$5:H9) -> 12.5 | L9: =Summary!$B$5+ROUNDUP(K9*7/Summary!$B$8,0) -> 46314 | M9: =IF(I9="Done","Done",IF(L9<=IF(E9="Local",Summary!$B$7,Summary!$B$6),"On track","Behind")) -> On track | N9: Plain SPA, thin client; no business logic
A10: 6 | B10: Frontend | C10: Login and register pages | D10: Both | E10: Live | F10: 2 | G10: 2 | H10: =AVERAGE(F10,G10) -> 2 | I10: Not started | K10: =SUM($H$5:H10) -> 14.5 | L10: =Summary!$B$5+ROUNDUP(K10*7/Summary!$B$8,0) -> 46315 | M10: =IF(I10="Done","Done",IF(L10<=IF(E10="Local",Summary!$B$7,Summary!$B$6),"On track","Behind")) -> On track
A11: 7 | B11: Frontend | C11: Dashboard (owed to me / I owe) | D11: Both | E11: Live | F11: 3 | G11: 3 | H11: =AVERAGE(F11,G11) -> 3 | I11: Not started | K11: =SUM($H$5:H11) -> 17.5 | L11: =Summary!$B$5+ROUNDUP(K11*7/Summary!$B$8,0) -> 46316 | M11: =IF(I11="Done","Done",IF(L11<=IF(E11="Local",Summary!$B$7,Summary!$B$6),"On track","Behind")) -> On track
A12: 8 | B12: Frontend | C12: Create-entry form | D12: Both | E12: Live | F12: 2 | G12: 2 | H12: =AVERAGE(F12,G12) -> 2 | I12: Not started | K12: =SUM($H$5:H12) -> 19.5 | L12: =Summary!$B$5+ROUNDUP(K12*7/Summary!$B$8,0) -> 46317 | M12: =IF(I12="Done","Done",IF(L12<=IF(E12="Local",Summary!$B$7,Summary!$B$6),"On track","Behind")) -> On track
A13: 9 | B13: Frontend | C13: Entry detail with confirm / dispute / settle | D13: Both | E13: Live | F13: 3 | G13: 3 | H13: =AVERAGE(F13,G13) -> 3 | I13: Not started | K13: =SUM($H$5:H13) -> 22.5 | L13: =Summary!$B$5+ROUNDUP(K13*7/Summary!$B$8,0) -> 46319 | M13: =IF(I13="Done","Done",IF(L13<=IF(E13="Local",Summary!$B$7,Summary!$B$6),"On track","Behind")) -> On track
A14: 10 | B14: Frontend | C14: Styling and mobile layout | D14: Both | E14: Live | F14: 3 | G14: 4 | H14: =AVERAGE(F14,G14) -> 3.5 | I14: Not started | K14: =SUM($H$5:H14) -> 26 | L14: =Summary!$B$5+ROUNDUP(K14*7/Summary!$B$8,0) -> 46320 | M14: =IF(I14="Done","Done",IF(L14<=IF(E14="Local",Summary!$B$7,Summary!$B$6),"On track","Behind")) -> On track
A15: 11 | B15: Launch | C15: Deploy backend + frontend, CORS, trust proxy, production Neon branch | D15: Both | E15: Live | F15: 3 | G15: 4 | H15: =AVERAGE(F15,G15) -> 3.5 | I15: Not started | K15: =SUM($H$5:H15) -> 29.5 | L15: =Summary!$B$5+ROUNDUP(K15*7/Summary!$B$8,0) -> 46322 | M15: =IF(I15="Done","Done",IF(L15<=IF(E15="Local",Summary!$B$7,Summary!$B$6),"On track","Behind")) -> On track | N15: Expect surprises here
A16: 12 | B16: Launch | C16: End-to-end testing and bug fixing | D16: You | E16: Live | F16: 4 | G16: 4 | H16: =AVERAGE(F16,G16) -> 4 | I16: Not started | K16: =SUM($H$5:H16) -> 33.5 | L16: =Summary!$B$5+ROUNDUP(K16*7/Summary!$B$8,0) -> 46324 | M16: =IF(I16="Done","Done",IF(L16<=IF(E16="Local",Summary!$B$7,Summary!$B$6),"On track","Behind")) -> On track
C17: Total | F17: =SUM(F5:F16) -> 31.5 | G17: =SUM(G5:G16) -> 35.5 | H17: =SUM(H5:H16) -> 33.5 | J17: =SUM(J5:J16) -> 0
